Ticket,Open Date,Close Date,Symbol,Action,Units/Lots,SL,TP,Open Price,Close Price,Commission,Swap,Pips,Profit,Gain,Comment,Magic Number,Profitable(%),Profitable(time duration),Drawdown,Risk:Reward,Max(pips),Max(USD),Min(pips),Min(USD),Entry Accuracy(%),Exit Accuracy(%),ProfitMissed(pips),ProfitMissed(USD),Duration
144615582,09/05/2023 10:50,09/21/2023 10:37,USDCHF,Sell,0.100,0.00000,0.00000,0.88672,0.90644,0.0000,0.0,-197.2,-218.66,-4.06,Sell Baby Termite: USDCHF,12345.0,0.0,0s,200.0,200.0,0.0,0.0,-200.0,-222.00000000000003,0.0,1.4,-197.2,-218.89,15 days 23:47:40
144948350,09/20/2023 03:35,09/21/2023 08:48,NZDCHF,Sell,0.300,0.00000,0.00000,0.53389,0.53146,0.0000,0.0,24.3,80.64,1.52,Sell Baby Termite: NZDCHF,12345.0,69.2,20h 13m,28.1,0.54,26.9,89.30799999999999,-14.5,-48.14,65.0,93.7,-2.6,-8.63,1 days 05:13:33
144720632,09/11/2023 03:15,09/21/2023 08:48,NZDCHF,Sell,0.100,0.00000,0.00000,0.52611,0.53146,0.0000,0.0,-53.5,-59.78,-1.11,Sell Baby Termite: NZDCHF,12345.0,4.3,10h 33m,101.6,9.7,9.5,10.64,-92.1,-103.152,9.4,38.0,-63.0,-70.56,10 days 05:33:32
144818540,09/14/2023 15:20,09/14/2023 15:31,CADCHF,Sell,0.300,0.00000,0.00000,0.66067,0.66276,0.0000,0.0,-20.9,-70.28,-1.35,Sell Baby Termite: CADCHF,12345.0,8.4,56s,21.6,29.94,0.7,2.352,-20.9,-70.22399999999999,3.2,0.0,-21.6,-72.58,0 days 00:11:16
144531911,08/31/2023 10:45,09/14/2023 15:31,CADCHF,Sell,0.100,0.00000,0.00000,0.64981,0.66278,0.0000,0.0,-129.7,-145.38,-2.71,Sell Baby Termite: CADCHF,12345.0,0.7,2h 23m,134.9,25.0,5.2,5.824000000000001,-129.7,-145.264,3.9,0.0,-134.9,-151.09,14 days 04:46:13
144455688,08/29/2023 08:40,09/05/2023 10:25,NZDCHF,Sell,0.100,0.00000,0.00000,0.52320,0.52129,0.0000,0.0,19.1,21.43,0.4,Sell Baby Termite: NZDCHF,12345.0,10.7,18h 9m,72.3,2.56,21.2,23.744,-54.3,-60.816,28.1,97.2,-2.1,-2.35,7 days 01:45:36
144537366,08/31/2023 15:40,09/01/2023 15:32,USDCHF,Sell,0.100,0.00000,0.00000,0.88241,0.88049,0.0000,0.0,19.2,21.7,0.41,Sell Baby Termite: USDCHF,12345.0,14.3,3h 24m,32.8,0.81,24.6,27.798,-20.0,-22.6,55.2,87.9,-5.4,-6.1,0 days 23:52:04
144367842,08/24/2023 11:35,08/30/2023 15:30,USDCHF,Sell,0.100,0.00000,0.00000,0.87937,0.87751,0.0000,0.0,18.6,21.09,0.41,Sell Baby Termite: USDCHF,12345.0,10.9,16h 7m,76.0,4.09,18.6,21.018,-76.0,-85.88,19.7,100.0,0.0,0.0,6 days 03:55:35
144308769,08/22/2023 15:40,08/30/2023 15:30,EURUSD,Buy,0.100,0.00000,0.00000,1.08809,1.09026,0.0000,0.0,21.7,21.7,0.42,Buy Baby Termite: EURUSD,12345.0,3.2,6h 8m,109.8,3.67,29.9,29.9,-109.8,-109.8,21.4,94.1,-8.2,-8.2,7 days 23:50:10
144398271,08/25/2023 08:45,08/29/2023 13:00,EURNZD,Sell,0.100,0.00000,0.00000,1.82677,1.82329,0.0000,0.0,34.8,20.54,0.4,Sell Baby Termite: EURNZD,12345.0,65.9,2d 18h ,103.1,1.79,38.1,22.479,-68.2,-40.238,35.8,96.9,-3.3,-1.95,4 days 04:15:34
144276607,08/21/2023 11:15,08/24/2023 15:44,CADCHF,Buy,0.100,0.00000,0.00000,0.64996,0.65178,0.0000,0.0,18.2,20.49,0.4,Buy Baby Termite: CADCHF,12345.0,15.7,12h 0m,51.7,2.02,18.5,20.905,-37.4,-42.26199999999999,33.1,99.5,-0.3,-0.34,3 days 04:29:34
144228685,08/17/2023 15:40,08/17/2023 18:24,USDCHF,Buy,0.100,0.00000,0.00000,0.87725,0.87905,0.0000,0.0,18.0,20.37,0.4,Buy Baby Termite: USDCHF,12345.0,65.5,1h 48m,12.4,0.56,18.7,21.131,-10.5,-11.864999999999998,64.0,97.6,-0.7,-0.79,0 days 02:44:54
144193342,08/16/2023 10:40,08/16/2023 18:09,NZDCHF,Sell,0.100,0.00000,0.00000,0.52527,0.52347,0.0000,0.0,18.0,20.38,0.4,Sell Baby Termite: NZDCHF,12345.0,74.0,5h 32m,12.3,0.53,20.6,23.278,-11.0,-12.43,65.2,91.8,-2.6,-2.94,0 days 07:29:51
144196961,08/16/2023 15:25,08/16/2023 17:20,CADCHF,Sell,0.100,0.00000,0.00000,0.65253,0.65074,0.0000,0.0,17.9,20.26,0.4,Sell Baby Termite: CADCHF,12345.0,94.0,1h 48m,8.5,0.06,20.8,23.504,-1.2,-1.356,94.5,86.8,-2.9,-3.28,0 days 01:54:54
144197486,08/16/2023 15:35,08/16/2023 16:38,USDCHF,Sell,0.100,0.00000,0.00000,0.88019,0.87839,0.0000,0.0,18.0,20.39,0.4,Sell Baby Termite: USDCHF,12345.0,28.2,17m,10.5,0.56,18.8,21.244,-10.5,-11.864999999999998,64.2,97.3,-0.8,-0.9,0 days 01:03:08
144166904,08/15/2023 12:30,08/16/2023 15:25,CADCHF,Buy,0.270,0.00000,0.00000,0.64948,0.65256,0.0000,0.0,30.8,93.95,1.89,Buy Baby Termite: CADCHF,12345.0,94.2,1d 1h ,22.0,0.28,30.8,93.94,-8.6,-26.23,78.2,100.0,0.0,0.0,1 days 02:55:26
143831294,08/01/2023 09:00,08/16/2023 15:25,CADCHF,Buy,0.090,0.00000,0.00000,0.65976,0.65256,0.0000,0.0,-72.0,-73.94,-1.47,Buy Baby Termite: CADCHF,12345.0,2.0,7h 19m,116.1,15.85,6.9,7.107,-109.2,-112.476,5.9,32.0,-78.9,-81.27,15 days 06:25:26
144134901,08/14/2023 05:00,08/14/2023 17:58,NZDCHF,Buy,0.090,0.00000,0.00000,0.52358,0.52545,0.0000,0.0,18.7,19.04,0.4,Buy Baby Termite: NZDCHF,12345.0,57.3,7h 26m,11.5,0.47,21.5,21.93,-10.0,-10.2,68.3,91.1,-2.8,-2.86,0 days 12:58:30
144058374,08/09/2023 14:35,08/10/2023 10:17,USDCHF,Sell,0.090,0.00000,0.00000,0.87654,0.87461,0.0000,0.0,19.3,19.76,0.42,Sell Baby Termite: USDCHF,12345.0,21.7,4h 16m,24.1,0.86,19.3,19.686,-16.6,-16.932000000000002,53.8,100.0,0.0,0.0,0 days 19:42:01
144029966,08/08/2023 13:35,08/09/2023 09:38,EURUSD,Buy,0.090,0.00000,0.00000,1.09579,1.09787,0.0000,0.0,20.8,18.72,0.4,Buy Baby Termite: EURUSD,12345.0,40.3,8h 5m,21.6,1.02,20.8,18.72,-21.3,-19.17,49.4,100.0,0.0,0.0,0 days 20:03:49
144030919,08/08/2023 14:25,08/08/2023 19:32,USDCHF,Sell,0.090,0.00000,0.00000,0.87698,0.87511,0.0000,0.0,18.7,19.14,0.41,Sell Baby Termite: USDCHF,12345.0,52.8,2h 42m,18.1,0.63,19.4,19.788,-12.2,-12.444,61.4,97.8,-0.7,-0.71,0 days 05:07:55
143993899,08/07/2023 04:50,08/08/2023 04:21,NZDCHF,Sell,0.090,0.00000,0.00000,0.53391,0.53204,0.0000,0.0,18.7,19.16,0.41,Sell Baby Termite: NZDCHF,12345.0,69.6,16h 22m,18.0,0.46,21.3,21.726000000000003,-9.8,-9.996,68.5,91.6,-2.6,-2.65,0 days 23:31:25
143981400,08/04/2023 18:15,08/04/2023 21:43,EURUSD,Sell,0.090,0.00000,0.00000,1.10343,1.10135,0.0000,0.0,20.8,18.72,0.4,Sell Baby Termite: EURUSD,12345.0,48.9,1h 42m,9.9,0.83,8.4,7.56,-7.0,-6.3,54.5,180.5,12.4,11.16,0 days 03:28:57
143881127,08/02/2023 17:05,08/02/2023 17:47,USDCHF,Sell,0.090,0.00000,0.00000,0.88001,0.87816,0.0000,0.0,18.5,18.86,0.41,Sell Baby Termite: USDCHF,12345.0,55.9,23m,7.5,0.22,19.4,19.788,-4.3,-4.386,81.9,96.2,-0.9,-0.92,0 days 00:42:09
143798744,07/31/2023 07:25,08/02/2023 01:47,NZDCHF,Sell,0.080,0.00000,0.00000,0.53906,0.53703,0.0000,0.0,20.3,18.5,0.4,Sell Baby Termite: NZDCHF,12345.0,35.4,15h 0m,36.1,0.94,28.7,26.117,-26.9,-24.479,51.6,84.9,-8.4,-7.64,1 days 18:22:32
143773407,07/28/2023 15:35,07/28/2023 16:08,USDCHF,Buy,0.080,0.00000,0.00000,0.86763,0.86959,0.0000,0.0,19.6,17.94,0.4,Buy Baby Termite: USDCHF,12345.0,100.0,33m,10.1,0.05,19.6,18.032000000000004,0.0,0.0,100.0,100.0,0.0,0.0,0 days 00:33:24
143728737,07/27/2023 16:35,07/28/2023 05:06,NZDCHF,Sell,0.080,0.00000,0.00000,0.53811,0.53616,0.0000,0.0,19.5,17.85,0.4,Sell Baby Termite: NZDCHF,12345.0,77.8,9h 44m,18.0,0.5,23.0,21.16,-11.4,-10.488,66.9,89.8,-3.5,-3.22,0 days 12:31:07
143711376,07/27/2023 07:35,07/27/2023 11:17,NZDCHF,Sell,0.080,0.00000,0.00000,0.53765,0.53575,0.0000,0.0,19.0,17.66,0.4,Sell Baby Termite: NZDCHF,12345.0,89.7,3h 19m,10.3,0.08,21.3,19.809,-1.8,-1.6740000000000002,92.2,90.0,-2.3,-2.14,0 days 03:42:45
143564854,07/20/2023 11:30,07/26/2023 15:50,CADCHF,Sell,0.080,0.00000,0.00000,0.65369,0.65178,0.0000,0.0,19.1,17.63,0.4,Sell Baby Termite: CADCHF,12345.0,36.8,2d 6h ,75.0,3.39,20.5,18.86,-69.4,-63.848000000000006,22.8,98.4,-1.4,-1.29,6 days 04:20:21
143654111,07/25/2023 14:15,07/26/2023 13:30,EURUSD,Buy,0.240,0.00000,0.00000,1.10429,1.10809,0.0000,0.0,38.0,91.2,2.11,Buy Baby Termite: EURUSD,12345.0,78.5,18h 15m,28.9,0.49,41.2,98.88,-20.3,-48.72,67.0,94.8,-3.2,-7.68,0 days 23:15:17
143572380,07/20/2023 17:10,07/26/2023 13:30,EURUSD,Buy,0.080,0.00000,0.00000,1.11688,1.10809,0.0000,0.0,-87.9,-70.32,-1.6,Buy Baby Termite: EURUSD,12345.0,0.0,0s,142.1,142.86,0.0,0.0,-142.1,-113.68,0.0,38.1,-87.9,-70.32,5 days 20:20:18
143602375,07/21/2023 16:50,07/24/2023 10:36,NZDCHF,Buy,0.080,0.00000,0.00000,0.53499,0.53687,0.0000,0.0,18.8,17.24,0.39,Buy Baby Termite: NZDCHF,12345.0,3.6,2h 22m,25.2,1.06,21.3,19.596,-22.5,-20.7,48.6,94.3,-2.5,-2.3,2 days 17:46:37
143578702,07/20/2023 20:10,07/21/2023 03:11,USDCHF,Sell,0.080,0.00000,0.00000,0.86806,0.86617,0.0000,0.0,18.9,17.37,0.4,Sell Baby Termite: USDCHF,12345.0,97.0,6h 48m,5.0,0.14,19.7,18.124,-2.8,-2.576,87.6,96.4,-0.8,-0.74,0 days 07:01:15
143561097,07/20/2023 06:00,07/20/2023 10:41,USDCHF,Buy,0.080,0.00000,0.00000,0.85641,0.85830,0.0000,0.0,18.9,17.53,0.4,Buy Baby Termite: USDCHF,12345.0,64.6,3h 1m,11.7,0.14,20.9,19.437,-2.9,-2.697,87.8,91.6,-2.0,-1.86,0 days 04:41:29
143560225,07/20/2023 05:10,07/20/2023 10:39,EURUSD,Sell,0.080,0.00000,0.00000,1.12254,1.12037,0.0000,0.0,21.7,17.36,0.4,Sell Baby Termite: EURUSD,12345.0,83.9,4h 36m,14.2,0.1,26.4,21.12,-2.7,-2.16,90.7,83.8,-4.7,-3.76,0 days 05:29:12
143526418,07/19/2023 07:15,07/19/2023 09:46,NZDCHF,Buy,0.240,0.00000,0.00000,0.53746,0.53497,0.0000,0.0,-24.9,-69.91,-1.59,Buy Baby Termite: NZDCHF,12345.0,0.7,1m,25.1,125.0,0.2,0.562,-24.9,-69.969,0.8,0.0,-25.1,-70.53,0 days 02:31:49
143472374,07/17/2023 07:15,07/19/2023 09:46,NZDCHF,Buy,0.080,0.00000,0.00000,0.54692,0.53496,0.0000,0.0,-119.6,-111.93,-2.48,Buy Baby Termite: NZDCHF,12345.0,2.0,1h 0m,121.1,80.0,1.5,1.41,-119.6,-112.424,1.2,0.0,-121.1,-113.83,2 days 02:31:41
143506701,07/18/2023 16:05,07/18/2023 16:51,EURNZD,Sell,0.240,0.00000,0.00000,1.79237,1.78966,0.0000,0.0,27.1,40.58,0.91,Sell Baby Termite: EURNZD,12345.0,57.5,26m,7.9,0.22,32.0,48.0,-6.9,-10.35,82.3,87.4,-4.9,-7.35,0 days 00:46:51
143501330,07/18/2023 12:05,07/18/2023 16:51,EURNZD,Sell,0.080,0.00000,0.00000,1.78539,1.78965,0.0000,0.0,-42.6,-21.48,-0.48,Sell Baby Termite: EURNZD,12345.0,4.2,12m,82.3,13.7,5.6,2.8,-76.7,-38.35,6.8,41.4,-48.2,-24.1,0 days 04:46:51
143482822,07/17/2023 17:55,07/18/2023 04:24,CADCHF,Sell,0.080,0.00000,0.00000,0.65347,0.65156,0.0000,0.0,19.1,17.7,0.4,Sell Baby Termite: CADCHF,12345.0,95.9,10h 3m,11.5,0.1,26.3,24.459000000000003,-2.7,-2.511,90.7,75.2,-7.2,-6.7,0 days 10:28:54
143453934,07/14/2023 16:10,07/17/2023 06:43,NZDCHF,Sell,0.080,0.00000,0.00000,0.54887,0.54694,0.0000,0.0,19.3,17.84,0.4,Sell Baby Termite: NZDCHF,12345.0,88.2,2d 7h ,25.4,0.5,25.7,23.644,-12.8,-11.776000000000002,66.8,83.4,-6.4,-5.89,2 days 14:33:36
143417366,07/13/2023 08:50,07/14/2023 18:51,EURNZD,Buy,0.080,0.00000,0.00000,1.75950,1.76288,0.0000,0.0,33.8,17.15,0.41,Buy Baby Termite: EURNZD,12345.0,16.4,5h 34m,91.9,2.36,37.0,18.87,-87.3,-44.523,29.8,97.4,-3.2,-1.63,1 days 10:01:40
143455870,07/14/2023 17:05,07/14/2023 17:44,USDCHF,Sell,0.080,0.00000,0.00000,0.86262,0.86083,0.0000,0.0,17.9,16.56,0.4,Sell Baby Termite: USDCHF,12345.0,100.0,39m,6.4,0.05,18.8,17.484,0.0,0.0,100.0,95.2,-0.9,-0.84,0 days 00:39:46
143378251,07/12/2023 04:00,07/14/2023 05:03,EURUSD,Sell,0.080,0.00000,0.00000,1.10182,1.12358,0.0000,0.0,-217.6,-174.08,-4.0,Sell Baby Termite: EURUSD,12345.0,2.0,58m,221.1,62.5,3.5,2.8000000000000003,-217.6,-174.08,1.6,0.0,-221.1,-176.88,2 days 01:03:27
143322928,07/10/2023 07:45,07/12/2023 16:29,EURNZD,Sell,0.080,0.00000,0.00000,1.77194,1.76837,0.0000,0.0,35.7,17.81,0.41,Sell Baby Termite: EURNZD,12345.0,31.8,18h 2m,137.4,2.67,38.6,19.3,-103.2,-51.6,27.2,98.0,-2.9,-1.45,2 days 08:44:20
143385276,07/12/2023 10:40,07/12/2023 16:00,CADCHF,Buy,0.240,0.00000,0.00000,0.66396,0.66130,0.0000,0.0,-26.6,-73.35,-1.67,Buy Baby Termite: CADCHF,12345.0,84.4,4h 30m,45.8,3.58,10.0,27.6,-35.8,-98.80799999999998,21.8,20.1,-36.6,-101.02,0 days 05:20:50
143226802,07/06/2023 17:05,07/12/2023 16:00,CADCHF,Buy,0.080,0.00000,0.00000,0.67316,0.66131,0.0000,0.0,-118.5,-108.92,-2.41,Buy Baby Termite: CADCHF,12345.0,0.0,0s,127.0,128.21,0.0,0.0,-127.0,-116.84,0.0,6.7,-118.5,-109.02,5 days 22:55:53
143386280,07/12/2023 12:15,07/12/2023 15:32,NZDCHF,Buy,0.080,0.00000,0.00000,0.54410,0.54606,0.0000,0.0,19.6,17.82,0.4,Buy Baby Termite: NZDCHF,12345.0,12.9,25m,24.6,1.19,19.6,17.836000000000002,-23.4,-21.294,45.6,100.0,0.0,0.0,0 days 03:17:22
143323360,07/10/2023 08:30,07/10/2023 12:11,USDCHF,Sell,0.080,0.00000,0.00000,0.89116,0.88911,0.0000,0.0,20.5,18.35,0.41,Sell Baby Termite: USDCHF,12345.0,87.4,3h 13m,14.9,0.18,22.1,19.89,-4.0,-3.6,84.7,93.9,-1.6,-1.44,0 days 03:41:33
143221583,07/06/2023 15:10,07/06/2023 15:15,EURUSD,Sell,0.080,0.00000,0.00000,1.08982,1.08758,0.0000,0.0,22.4,17.92,0.4,Sell Baby Termite: EURUSD,12345.0,50.0,2m,1.0,0.04,22.4,17.919999999999998,-1.0,-0.8,95.7,100.0,0.0,0.0,0 days 00:05:21
143216831,07/06/2023 10:25,07/06/2023 11:17,EURUSD,Sell,0.080,0.00000,0.00000,1.08718,1.08498,0.0000,0.0,22.0,17.6,0.4,Sell Baby Termite: EURUSD,12345.0,98.1,51m,6.8,0.02,22.2,17.76,-0.5,-0.4,97.8,99.1,-0.2,-0.16,0 days 00:52:56
143131989,07/03/2023 11:05,07/06/2023 08:58,CADCHF,Sell,0.080,0.00000,0.00000,0.67737,0.67535,0.0000,0.0,20.2,17.91,0.4,Sell Baby Termite: CADCHF,12345.0,64.0,1d 20h ,28.2,0.63,23.3,20.737,-14.6,-12.994,61.5,91.8,-3.1,-2.76,2 days 21:52:58
143132578,07/03/2023 12:10,07/03/2023 16:33,USDCHF,Sell,0.080,0.00000,0.00000,0.89904,0.89704,0.0000,0.0,20.0,17.75,0.42,Sell Baby Termite: USDCHF,12345.0,39.2,1h 43m,12.9,0.62,20.2,17.977999999999998,-12.5,-11.125,61.8,99.4,-0.2,-0.18,0 days 04:23:20
143080820,06/30/2023 12:45,06/30/2023 15:30,CADCHF,Sell,0.080,0.00000,0.00000,0.67973,0.67775,0.0000,0.0,19.8,17.53,0.41,Sell Baby Termite: CADCHF,12345.0,74.6,2h 3m,9.5,0.27,19.8,17.622,-5.3,-4.717,78.9,100.0,0.0,0.0,0 days 02:45:22
143081913,06/30/2023 13:00,06/30/2023 15:30,USDCHF,Sell,0.080,0.00000,0.00000,0.90156,0.89937,0.0000,0.0,21.9,19.39,0.46,Sell Baby Termite: USDCHF,12345.0,96.7,2h 25m,8.9,0.02,23.1,20.559,-0.4,-0.356,98.3,94.9,-1.2,-1.07,0 days 02:30:07
142981059,06/28/2023 10:15,06/30/2023 11:09,NZDCHF,Buy,0.080,0.00000,0.00000,0.54604,0.54784,0.0000,0.0,18.0,15.91,0.38,Buy Baby Termite: NZDCHF,12345.0,18.8,9h 11m,20.6,0.95,19.2,16.896,-18.2,-16.016,51.3,96.8,-1.2,-1.06,2 days 00:54:19
143017330,06/29/2023 07:15,06/29/2023 10:17,EURUSD,Buy,0.080,0.00000,0.00000,1.08915,1.09126,0.0000,0.0,21.1,16.88,0.4,Buy Baby Termite: EURUSD,12345.0,47.6,1h 26m,10.4,0.46,22.7,18.16,-10.4,-8.32,68.6,95.2,-1.6,-1.28,0 days 03:02:20
142981701,06/28/2023 11:10,06/28/2023 17:43,EURNZD,Sell,0.080,0.00000,0.00000,1.79653,1.79308,0.0000,0.0,34.5,16.73,0.4,Sell Baby Termite: EURNZD,12345.0,8.7,34m,57.1,0.89,45.5,21.84,-40.3,-19.344,53.0,87.2,-11.0,-5.28,0 days 06:33:13
142951694,06/27/2023 14:50,06/27/2023 16:19,EURNZD,Sell,0.080,0.00000,0.00000,1.77479,1.77143,0.0000,0.0,33.6,16.56,0.4,Sell Baby Termite: EURNZD,12345.0,97.8,1h 27m,19.2,0.05,36.3,17.787,-1.8,-0.882,95.3,92.9,-2.7,-1.32,0 days 01:29:08
142882170,06/23/2023 09:05,06/27/2023 13:55,EURUSD,Buy,0.080,0.00000,0.00000,1.09294,1.09503,0.0000,0.0,20.9,16.72,0.4,Buy Baby Termite: EURUSD,12345.0,4.6,4h 38m,81.5,3.58,22.6,18.08,-80.9,-64.72000000000001,21.8,98.4,-1.7,-1.36,4 days 04:50:32
142944726,06/27/2023 08:15,06/27/2023 12:13,NZDCHF,Sell,0.080,0.00000,0.00000,0.55382,0.55203,0.0000,0.0,17.9,15.92,0.39,Sell Baby Termite: NZDCHF,12345.0,53.0,2h 6m,8.9,0.35,20.5,18.245,-7.2,-6.408,74.0,90.6,-2.6,-2.31,0 days 03:58:22
142944725,06/27/2023 08:15,06/27/2023 11:08,EURNZD,Buy,0.080,0.00000,0.00000,1.76501,1.76835,0.0000,0.0,33.4,16.45,0.4,Buy Baby Termite: EURNZD,12345.0,48.6,1h 24m,18.7,0.33,39.3,19.257,-13.1,-6.419,75.0,88.7,-5.9,-2.89,0 days 02:53:19
142917245,06/26/2023 14:10,06/26/2023 17:11,USDCHF,Buy,0.080,0.00000,0.00000,0.89259,0.89443,0.0000,0.0,18.4,16.38,0.4,Buy Baby Termite: USDCHF,12345.0,49.5,1h 29m,12.8,0.55,20.3,18.067,-11.2,-9.968,64.4,94.0,-1.9,-1.69,0 days 03:01:44
142891993,06/23/2023 16:35,06/23/2023 18:20,NZDCHF,Buy,0.080,0.00000,0.00000,0.54914,0.55097,0.0000,0.0,18.3,16.23,0.4,Buy Baby Termite: NZDCHF,12345.0,98.1,1h 43m,6.8,0.05,18.6,16.554000000000002,-1.0,-0.89,94.9,98.5,-0.3,-0.27,0 days 01:45:37
142880682,06/23/2023 07:45,06/23/2023 16:19,USDCHF,Sell,0.080,0.00000,0.00000,0.89715,0.89533,0.0000,0.0,18.2,16.18,0.4,Sell Baby Termite: USDCHF,12345.0,13.6,1h 9m,42.8,1.83,22.1,19.669,-40.4,-35.956,35.4,93.8,-3.9,-3.47,0 days 08:34:16
142587592,06/09/2023 15:40,06/23/2023 15:33,NZDCHF,Sell,0.070,0.00000,0.00000,0.55128,0.54923,0.0000,0.0,20.5,15.92,0.39,Sell Baby Termite: NZDCHF,12345.0,1.5,5h 2m,85.0,4.02,20.9,16.302,-84.1,-65.598,19.9,99.6,-0.4,-0.31,13 days 23:53:15
142825979,06/21/2023 11:50,06/21/2023 13:30,EURNZD,Sell,0.080,0.00000,0.00000,1.77228,1.76901,0.0000,0.0,32.7,16.07,0.4,Sell Baby Termite: EURNZD,12345.0,67.0,1h 7m,10.6,0.29,36.3,17.787,-10.6,-5.194,77.4,92.3,-3.6,-1.76,0 days 01:40:14
142822519,06/21/2023 08:20,06/21/2023 09:33,EURNZD,Buy,0.080,0.00000,0.00000,1.76535,1.76861,0.0000,0.0,32.6,16.01,0.4,Buy Baby Termite: EURNZD,12345.0,97.3,1h 10m,13.8,0.04,32.6,15.974,-1.4,-0.6859999999999999,95.9,100.0,0.0,0.0,0 days 01:12:54
142724473,06/15/2023 20:15,06/16/2023 17:51,EURUSD,Sell,0.070,0.00000,0.00000,1.09414,1.09189,0.0000,0.0,22.5,15.75,0.4,Sell Baby Termite: EURUSD,12345.0,16.3,3h 31m,30.7,1.13,22.5,15.749999999999998,-25.5,-17.849999999999998,46.9,100.0,0.0,0.0,0 days 21:36:08
142705376,06/15/2023 09:05,06/15/2023 13:30,CADCHF,Sell,0.070,0.00000,0.00000,0.67786,0.67586,0.0000,0.0,20.0,15.47,0.4,Sell Baby Termite: CADCHF,12345.0,48.2,2h 7m,10.1,0.37,21.3,16.401,-7.8,-6.006,73.2,95.5,-1.3,-1.0,0 days 04:25:27
142681672,06/14/2023 18:45,06/14/2023 21:00,EURUSD,Sell,0.210,0.00000,0.00000,1.08566,1.08256,0.0000,0.0,31.0,65.1,1.7,Sell Baby Termite: EURUSD,12345.0,32.6,44m,9.2,0.21,33.9,71.19,-7.1,-14.91,82.7,92.9,-2.9,-6.09,0 days 02:15:55
142606840,06/12/2023 10:30,06/14/2023 21:00,EURUSD,Sell,0.070,0.00000,0.00000,1.07527,1.08249,0.0000,0.0,-72.2,-50.54,-1.31,Sell Baby Termite: EURUSD,12345.0,5.2,3h 2m,118.8,12.99,8.5,5.949999999999999,-110.3,-77.21,7.2,32.1,-80.7,-56.49,2 days 10:30:58
142612505,06/12/2023 15:20,06/14/2023 15:41,CADCHF,Sell,0.210,0.00000,0.00000,0.67908,0.67659,0.0000,0.0,24.9,57.83,1.52,Sell Baby Termite: CADCHF,12345.0,25.0,12h 5m,48.1,0.81,30.8,71.456,-25.0,-57.99999999999999,55.2,89.4,-5.9,-13.69,2 days 00:21:11
142419505,06/01/2023 16:45,06/14/2023 15:41,CADCHF,Sell,0.070,0.00000,0.00000,0.67108,0.67659,0.0000,0.0,-55.1,-43.08,-1.12,Sell Baby Termite: CADCHF,12345.0,0.0,0s,108.2,108.7,0.0,0.0,-108.2,-84.396,0.0,49.1,-55.1,-42.98,12 days 22:56:11
142568673,06/08/2023 18:30,06/09/2023 17:36,EURUSD,Sell,0.070,0.00000,0.00000,1.07777,1.07549,0.0000,0.0,22.8,15.96,0.41,Sell Baby Termite: EURUSD,12345.0,43.0,9h 56m,25.0,0.38,22.9,16.029999999999998,-8.8,-6.16,72.2,99.7,-0.1,-0.07,0 days 23:06:04
142566391,06/08/2023 17:10,06/09/2023 14:12,NZDCHF,Buy,0.240,0.00000,0.00000,0.54825,0.55057,0.0000,0.0,23.2,61.42,1.62,Buy Baby Termite: NZDCHF,12345.0,36.4,7h 39m,16.5,0.39,24.2,64.13,-9.5,-25.175,71.8,97.0,-1.0,-2.65,0 days 21:02:32
142232092,05/24/2023 08:35,06/09/2023 14:12,NZDCHF,Buy,0.080,0.00000,0.00000,0.55588,0.55057,0.0000,0.0,-53.1,-47.33,-1.23,Buy Baby Termite: NZDCHF,12345.0,0.0,0s,109.4,109.89,0.0,0.0,-109.4,-97.366,0.0,51.5,-53.1,-47.26,16 days 05:37:18
142495696,06/06/2023 10:05,06/06/2023 10:46,USDCHF,Buy,0.070,0.00000,0.00000,0.90404,0.90601,0.0000,0.0,19.7,15.14,0.4,Buy Baby Termite: USDCHF,12345.0,71.5,29m,6.3,0.28,22.9,17.633,-6.3,-4.851,78.4,89.0,-3.2,-2.46,0 days 00:41:11
142465352,06/05/2023 04:20,06/05/2023 17:01,USDCHF,Sell,0.070,0.00000,0.00000,0.91044,0.90826,0.0000,0.0,21.8,16.72,0.44,Sell Baby Termite: USDCHF,12345.0,47.2,5h 59m,23.0,0.57,24.2,18.634,-13.8,-10.626,63.7,93.7,-2.4,-1.85,0 days 12:41:03
142424570,06/01/2023 18:35,06/02/2023 17:57,EURUSD,Sell,0.070,0.00000,0.00000,1.07456,1.07241,0.0000,0.0,21.5,15.05,0.4,Sell Baby Termite: EURUSD,12345.0,5.7,1h 19m,32.9,1.41,22.3,15.61,-31.5,-22.05,41.4,98.5,-0.8,-0.56,0 days 23:22:20
142376493,05/31/2023 06:55,06/01/2023 21:02,USDCHF,Sell,0.070,0.00000,0.00000,0.90810,0.90614,0.0000,0.0,19.6,15.07,0.4,Sell Baby Termite: USDCHF,12345.0,10.8,4h 7m,68.7,3.17,20.9,16.093,-66.2,-50.974,24.0,98.5,-1.3,-1.0,1 days 14:07:43
142377263,05/31/2023 08:05,06/01/2023 16:33,EURUSD,Buy,0.070,0.00000,0.00000,1.06962,1.07196,0.0000,0.0,23.4,16.38,0.44,Buy Baby Termite: EURUSD,12345.0,12.9,4h 11m,63.0,2.48,24.2,16.939999999999998,-60.1,-42.07,28.7,99.1,-0.8,-0.56,1 days 08:28:16
142353741,05/30/2023 15:00,05/30/2023 16:00,EURUSD,Sell,0.070,0.00000,0.00000,1.07433,1.07224,0.0000,0.0,20.9,14.63,0.4,Sell Baby Termite: EURUSD,12345.0,85.3,51m,3.5,0.06,23.2,16.24,-1.3,-0.91,94.7,90.6,-2.3,-1.61,0 days 01:00:17
142232084,05/24/2023 08:35,05/25/2023 19:38,EURNZD,Sell,0.080,0.00000,0.00000,1.74775,1.77278,0.0000,0.0,-250.3,-121.68,-3.23,Sell Baby Termite: EURNZD,12345.0,0.0,0s,258.7,263.16,0.0,0.0,-258.7,-126.763,0.0,3.2,-250.3,-122.65,1 days 11:03:49
142234673,05/24/2023 10:20,05/25/2023 19:38,EURNZD,Sell,0.240,0.00000,0.00000,1.75568,1.77267,0.0000,0.0,-169.9,-247.79,-6.18,Sell Baby Termite: EURNZD,12345.0,2.1,41m,192.8,13.4,13.4,19.564,-179.4,-261.924,7.0,4.9,-183.3,-267.62,1 days 09:18:45
142070759,05/17/2023 11:10,05/24/2023 05:00,NZDCHF,Sell,0.070,0.00000,0.00000,0.56041,0.55854,0.0000,0.0,18.7,14.45,0.36,Sell Baby Termite: NZDCHF,12345.0,0.5,48m,71.0,1.96,33.9,26.103,-66.4,-51.12800000000001,33.8,84.8,-15.2,-11.7,6 days 17:50:57
142139465,05/19/2023 12:40,05/22/2023 01:22,EURNZD,Buy,0.210,0.00000,0.00000,1.71849,1.72521,0.0000,0.0,67.2,88.04,2.44,Buy Baby Termite: EURNZD,12345.0,98.1,2d 11h ,45.1,0.24,68.1,89.211,-16.5,-21.615,80.5,98.9,-0.9,-1.18,2 days 12:42:47
142071873,05/17/2023 12:05,05/22/2023 01:22,EURNZD,Buy,0.070,0.00000,0.00000,1.73562,1.72523,0.0000,0.0,-103.9,-45.83,-1.26,Buy Baby Termite: EURNZD,12345.0,1.3,1h 25m,196.6,21.37,8.8,3.872,-187.8,-82.632,4.5,42.7,-112.7,-49.59,4 days 13:17:43
142034183,05/16/2023 09:55,05/17/2023 05:49,NZDCHF,Buy,0.070,0.00000,0.00000,0.55800,0.55981,0.0000,0.0,18.1,14.08,0.39,Buy Baby Termite: NZDCHF,12345.0,78.3,15h 35m,15.0,0.34,18.4,14.352,-6.3,-4.914,74.5,98.8,-0.3,-0.23,0 days 19:54:18
141971229,05/12/2023 11:25,05/16/2023 02:14,NZDCHF,Buy,0.070,0.00000,0.00000,0.55722,0.55903,0.0000,0.0,18.1,14.07,0.39,Buy Baby Termite: NZDCHF,12345.0,16.9,14h 40m,38.1,1.69,19.1,14.898,-32.3,-25.194,37.2,98.1,-1.0,-0.78,3 days 14:49:54
141967940,05/12/2023 08:40,05/15/2023 23:33,EURNZD,Sell,0.070,0.00000,0.00000,1.74637,1.74310,0.0000,0.0,32.7,14.21,0.39,Sell Baby Termite: EURNZD,12345.0,7.4,6h 25m,102.7,2.39,37.5,16.125,-89.7,-38.571,29.5,96.2,-4.8,-2.06,3 days 14:53:39
141874849,05/09/2023 18:30,05/11/2023 11:52,CADCHF,Buy,0.070,0.00000,0.00000,0.66528,0.66705,0.0000,0.0,17.7,13.78,0.38,Buy Baby Termite: CADCHF,12345.0,36.5,15h 5m,37.5,1.16,18.6,14.508,-21.5,-16.77,46.4,97.8,-0.9,-0.7,1 days 17:21:58
141868967,05/09/2023 15:50,05/10/2023 10:05,EURUSD,Buy,0.070,0.00000,0.00000,1.09579,1.09791,0.0000,0.0,21.2,14.84,0.41,Buy Baby Termite: EURUSD,12345.0,83.2,15h 11m,16.1,0.56,22.0,15.4,-12.3,-8.61,64.1,97.7,-0.8,-0.56,0 days 18:15:11
141832590,05/08/2023 09:40,05/08/2023 12:20,EURUSD,Sell,0.060,0.00000,0.00000,1.10458,1.10258,0.0000,0.0,20.0,12.0,0.36,Sell Baby Termite: EURUSD,12345.0,37.9,1h 0m,14.0,0.35,21.1,12.66,-7.3,-4.38,74.3,96.1,-1.1,-0.66,0 days 02:40:46
141796767,05/05/2023 08:05,05/05/2023 13:46,EURUSD,Sell,0.060,0.00000,0.00000,1.10427,1.10226,0.0000,0.0,20.1,12.06,0.36,Sell Baby Termite: EURUSD,12345.0,85.7,4h 52m,15.8,0.21,20.8,12.48,-4.4,-2.64,82.5,97.2,-0.7,-0.42,0 days 05:41:28
141713569,05/03/2023 06:55,05/05/2023 11:50,USDCHF,Buy,0.060,0.00000,0.00000,0.89098,0.89277,0.0000,0.0,17.9,11.97,0.36,Buy Baby Termite: USDCHF,12345.0,5.2,2h 45m,93.3,4.6,19.2,12.864,-88.2,-59.09400000000001,17.9,98.8,-1.3,-0.87,2 days 04:55:19
141712204,05/03/2023 05:15,05/05/2023 09:38,CADCHF,Buy,0.060,0.00000,0.00000,0.65445,0.65623,0.0000,0.0,17.8,11.99,0.36,Buy Baby Termite: CADCHF,12345.0,15.5,8h 7m,71.6,3.84,17.8,11.926000000000002,-68.4,-45.82800000000001,20.6,100.0,0.0,0.0,2 days 04:23:52
141711132,05/03/2023 04:45,05/04/2023 17:55,EURUSD,Sell,0.060,0.00000,0.00000,1.10185,1.09982,0.0000,0.0,20.3,12.18,0.37,Sell Baby Termite: EURUSD,12345.0,3.0,1h 6m,73.6,2.65,27.1,16.26,-71.9,-43.14,27.4,93.1,-6.8,-4.08,1 days 13:10:36
141718851,05/03/2023 12:25,05/04/2023 15:23,NZDCHF,Buy,0.060,0.00000,0.00000,0.55359,0.55537,0.0000,0.0,17.8,11.98,0.37,Buy Baby Termite: NZDCHF,12345.0,17.4,4h 41m,60.1,2.94,17.8,11.926000000000002,-52.3,-35.041,25.4,100.0,0.0,0.0,1 days 02:58:07
141659614,05/01/2023 19:30,05/02/2023 16:50,CADCHF,Sell,0.060,0.00000,0.00000,0.66176,0.65994,0.0000,0.0,18.2,12.1,0.37,Sell Baby Termite: CADCHF,12345.0,78.6,16h 46m,32.0,0.47,21.7,14.322,-10.3,-6.798000000000001,67.8,89.1,-3.5,-2.31,0 days 21:20:04
141402228,04/20/2023 04:20,05/02/2023 09:09,NZDCHF,Buy,0.050,0.00000,0.00000,0.55290,0.55505,0.0000,0.0,21.5,11.94,0.37,Buy Baby Termite: NZDCHF,12345.0,4.8,14h 3m,104.2,3.84,24.5,13.72,-94.0,-52.64000000000001,20.7,97.5,-3.0,-1.68,12 days 04:49:41
141659254,05/01/2023 19:10,05/02/2023 04:27,USDCHF,Sell,0.060,0.00000,0.00000,0.89633,0.89453,0.0000,0.0,18.0,12.02,0.37,Sell Baby Termite: USDCHF,12345.0,89.1,8h 17m,26.7,0.12,29.9,20.033,-3.5,-2.345,89.5,64.4,-11.9,-7.97,0 days 09:17:54
141658993,05/01/2023 19:00,05/02/2023 04:22,EURUSD,Buy,0.060,0.00000,0.00000,1.09701,1.09902,0.0000,0.0,20.1,12.06,0.37,Buy Baby Termite: EURUSD,12345.0,67.4,6h 19m,9.6,0.24,22.9,13.739999999999998,-5.5,-3.3,80.6,90.1,-2.8,-1.68,0 days 09:22:29
141610911,04/28/2023 10:30,04/28/2023 19:24,CADCHF,Buy,0.060,0.00000,0.00000,0.65609,0.65791,0.0000,0.0,18.2,12.18,0.38,Buy Baby Termite: CADCHF,12345.0,59.1,5h 15m,25.3,0.88,18.4,12.328,-16.2,-10.854,53.2,99.4,-0.2,-0.13,0 days 08:54:05
141541844,04/26/2023 11:55,04/28/2023 11:02,EURUSD,Sell,0.150,0.00000,0.00000,1.10389,1.09919,0.0000,0.0,47.0,70.5,2.25,Sell Baby Termite: EURUSD,12345.0,54.6,1d 1h ,62.5,1.03,53.7,80.55000000000001,-55.1,-82.65,49.4,93.8,-6.7,-10.05,1 days 23:07:52
141173890,04/11/2023 05:00,04/28/2023 11:02,EURUSD,Sell,0.050,0.00000,0.00000,1.08776,1.09920,0.0000,0.0,-114.4,-57.2,-1.79,Sell Baby Termite: EURUSD,12345.0,0.0,0s,210.2,212.77,0.0,0.0,-210.2,-105.1,0.0,45.6,-114.4,-57.2,17 days 06:02:52
141535724,04/26/2023 06:40,04/27/2023 15:45,CADCHF,Buy,0.180,0.00000,0.00000,0.65378,0.65781,0.0000,0.0,40.3,80.48,2.58,Buy Baby Termite: CADCHF,12345.0,33.0,10h 55m,43.1,0.93,40.3,80.6,-37.5,-75.0,51.8,100.0,0.0,0.0,1 days 09:05:28
141405465,04/20/2023 09:30,04/27/2023 15:45,CADCHF,Buy,0.060,0.00000,0.00000,0.66531,0.65781,0.0000,0.0,-75.0,-50.43,-1.59,Buy Baby Termite: CADCHF,12345.0,0.5,52m,160.5,19.88,7.7,5.159000000000001,-152.8,-102.37600000000002,4.8,48.5,-82.7,-55.41,7 days 06:15:29
141548571,04/26/2023 14:45,04/27/2023 14:14,EURNZD,Sell,0.180,0.00000,0.00000,1.80292,1.79490,0.0000,0.0,80.2,88.41,2.87,Sell Baby Termite: EURNZD,12345.0,56.3,13h 13m,60.1,0.64,80.2,88.22000000000001,-51.2,-56.32000000000001,61.0,100.0,0.0,0.0,0 days 23:29:28
141435956,04/21/2023 05:40,04/27/2023 14:14,EURNZD,Sell,0.060,0.00000,0.00000,1.78068,1.79490,0.0000,0.0,-142.2,-52.78,-1.69,Sell Baby Termite: EURNZD,12345.0,0.9,1h 22m,273.3,19.27,13.5,4.995,-259.8,-96.126,4.9,43.0,-155.7,-57.61,6 days 08:34:28
141521641,04/25/2023 19:45,04/26/2023 13:37,USDCHF,Sell,0.060,0.00000,0.00000,0.89257,0.88812,0.0000,0.0,44.5,29.91,0.97,Sell Baby Termite: USDCHF,12345.0,100.0,17h 52m,21.5,0.02,45.1,30.217,0.0,0.0,100.0,98.7,-0.6,-0.4,0 days 17:52:29
141288586,04/14/2023 17:05,04/24/2023 10:52,USDCHF,Sell,0.050,0.00000,0.00000,0.89231,0.89052,0.0000,0.0,17.9,10.0,0.32,Sell Baby Termite: USDCHF,12345.0,4.8,11h 13m,77.7,3.92,19.8,11.088,-77.7,-43.51200000000001,20.3,98.1,-1.9,-1.06,9 days 17:47:51
141099191,04/06/2023 15:35,04/20/2023 06:03,EURNZD,Sell,0.040,0.00000,0.00000,1.73928,1.77986,0.0000,0.0,-405.8,-100.42,-3.37,Sell Baby Termite: EURNZD,12345.0,0.0,0s,405.8,416.67,0.0,0.0,-405.8,-101.45,0.0,0.0,-405.8,-101.45,13 days 14:28:33
141387537,04/19/2023 17:55,04/20/2023 01:45,NZDCHF,Sell,0.050,0.00000,0.00000,0.55804,0.55570,0.0000,0.0,23.4,12.97,0.44,Sell Baby Termite: NZDCHF,12345.0,96.4,7h 33m,15.6,0.09,39.0,21.450000000000003,-3.5,-1.9250000000000005,91.8,63.3,-15.6,-8.58,0 days 07:50:03
141344385,04/18/2023 10:05,04/18/2023 14:50,CADCHF,Sell,0.050,0.00000,0.00000,0.67122,0.66950,0.0000,0.0,17.2,9.55,0.32,Sell Baby Termite: CADCHF,12345.0,90.3,4h 17m,8.4,0.24,18.0,10.080000000000002,-4.3,-2.408,80.7,96.4,-0.8,-0.45,0 days 04:45:15
141295510,04/14/2023 19:45,04/18/2023 10:15,NZDCHF,Buy,0.050,0.00000,0.00000,0.55550,0.55731,0.0000,0.0,18.1,10.02,0.34,Buy Baby Termite: NZDCHF,12345.0,7.6,6h 34m,23.5,1.29,18.2,10.01,-23.5,-12.925,43.6,99.8,-0.1,-0.05,3 days 14:30:27
141248970,04/13/2023 15:15,04/14/2023 15:34,USDCHF,Buy,0.050,0.00000,0.00000,0.89008,0.89193,0.0000,0.0,18.5,10.32,0.35,Buy Baby Termite: USDCHF,12345.0,1.1,16m,40.5,1.97,19.7,11.032,-38.9,-21.784,33.6,98.0,-1.2,-0.67,1 days 00:19:45
141246955,04/13/2023 12:40,04/13/2023 16:49,NZDCHF,Buy,0.120,0.00000,0.00000,0.55554,0.55856,0.0000,0.0,30.2,40.65,1.4,Buy Baby Termite: NZDCHF,12345.0,97.6,4h 3m,10.7,0.04,30.2,40.77,-1.1,-1.4850000000000003,96.5,100.0,0.0,0.0,0 days 04:09:35
141107681,04/06/2023 17:55,04/13/2023 16:49,NZDCHF,Buy,0.040,0.00000,0.00000,0.56540,0.55856,0.0000,0.0,-68.4,-31.0,-1.06,Buy Baby Termite: NZDCHF,12345.0,16.5,1d 3h ,115.5,6.22,16.0,7.2,-99.5,-44.775,13.9,26.9,-84.4,-37.98,6 days 22:54:39
141241855,04/13/2023 07:35,04/13/2023 11:07,CADCHF,Sell,0.050,0.00000,0.00000,0.66767,0.66585,0.0000,0.0,18.2,10.15,0.35,Sell Baby Termite: CADCHF,12345.0,43.0,1h 31m,7.4,0.35,18.2,10.192,-6.4,-3.5840000000000005,74.0,100.0,0.0,0.0,0 days 03:32:14
141154292,04/10/2023 16:45,04/11/2023 00:03,USDCHF,Sell,0.050,0.00000,0.00000,0.91049,0.90945,0.0000,0.0,10.4,5.69,0.2,Sell Baby Termite: USDCHF,12345.0,64.5,4h 42m,29.0,0.37,39.4,21.67,-14.4,-7.920000000000001,73.2,46.1,-29.0,-15.95,0 days 07:18:33
141095120,04/06/2023 12:00,04/10/2023 17:55,CADCHF,Buy,0.040,0.00000,0.00000,0.67107,0.67338,0.0000,0.0,23.1,10.08,0.35,Buy Baby Termite: CADCHF,12345.0,14.9,15h 11m,46.6,1.5,23.1,10.164,-34.7,-15.268,40.0,100.0,0.0,0.0,4 days 05:55:16
141057735,04/05/2023 11:20,04/05/2023 20:45,CADCHF,Buy,0.040,0.00000,0.00000,0.67198,0.67381,0.0000,0.0,18.3,8.03,0.35,Buy Baby Termite: CADCHF,12345.0,56.2,5h 17m,20.5,0.49,18.7,8.228,-9.2,-4.048,67.0,98.6,-0.4,-0.18,0 days 09:25:25
141059797,04/05/2023 13:10,04/05/2023 18:41,NZDCHF,Buy,0.040,0.00000,0.00000,0.57098,0.57282,0.0000,0.0,18.4,8.09,0.35,Buy Baby Termite: NZDCHF,12345.0,43.6,2h 24m,18.8,0.99,18.9,8.315999999999999,-18.8,-8.272,50.1,98.7,-0.5,-0.22,0 days 05:30:55
141023983,04/04/2023 12:15,04/05/2023 05:00,NZDCHF,Buy,0.040,0.00000,0.00000,0.57361,0.57598,0.0000,0.0,23.7,10.42,0.48,Buy Baby Termite: NZDCHF,12345.0,22.0,3h 41m,49.4,1.05,31.8,13.992,-33.4,-14.696,48.8,87.6,-8.1,-3.56,0 days 16:45:03
141024321,04/04/2023 12:25,04/04/2023 13:38,EURNZD,Sell,0.040,0.00000,0.00000,1.73679,1.73356,0.0000,0.0,32.3,8.1,0.37,Sell Baby Termite: EURNZD,12345.0,100.0,1h 13m,12.9,0.03,35.2,8.8,0.0,0.0,100.0,91.8,-2.9,-0.73,0 days 01:13:53
140993548,04/03/2023 15:50,04/03/2023 16:59,NZDCHF,Sell,0.040,0.00000,0.00000,0.57526,0.57346,0.0000,0.0,18.0,7.84,0.36,Sell Baby Termite: NZDCHF,12345.0,90.0,1h 2m,5.7,0.15,21.8,9.592,-3.2,-1.408,87.2,84.8,-3.8,-1.67,0 days 01:09:08
140875352,03/29/2023 11:50,04/03/2023 15:00,NZDCHF,Buy,0.040,0.00000,0.00000,0.57339,0.57522,0.0000,0.0,18.3,7.96,0.37,Buy Baby Termite: NZDCHF,12345.0,8.5,10h 28m,49.4,1.89,19.4,8.341999999999999,-36.7,-15.781,34.6,98.0,-1.1,-0.47,5 days 03:10:48
140911598,03/30/2023 10:40,04/03/2023 08:39,USDCHF,Buy,0.040,0.00000,0.00000,0.91690,0.91875,0.0000,0.0,18.5,8.02,0.37,Buy Baby Termite: USDCHF,12345.0,7.9,7h 25m,57.3,2.69,18.6,7.998,-50.1,-21.543,27.1,99.9,-0.1,-0.04,3 days 21:59:35
140916544,03/30/2023 15:05,03/30/2023 19:40,EURNZD,Sell,0.040,0.00000,0.00000,1.74623,1.74301,0.0000,0.0,32.2,8.02,0.38,Sell Baby Termite: EURNZD,12345.0,66.2,3h 2m,38.8,0.82,34.0,8.5,-27.9,-6.975,54.9,97.1,-1.8,-0.45,0 days 04:35:36
140878325,03/29/2023 13:05,03/30/2023 10:06,EURNZD,Sell,0.040,0.00000,0.00000,1.73908,1.73585,0.0000,0.0,32.3,8.02,0.38,Sell Baby Termite: EURNZD,12345.0,4.4,55m,73.4,1.54,39.4,9.85,-60.5,-15.125,39.4,92.9,-7.1,-1.78,0 days 21:01:31
140761086,03/24/2023 11:10,03/27/2023 11:09,USDCHF,Sell,0.040,0.00000,0.00000,0.91860,0.91678,0.0000,0.0,18.2,7.9,0.37,Sell Baby Termite: USDCHF,12345.0,79.1,2d 8h ,38.6,1.13,21.2,9.116,-23.9,-10.277,47.0,93.3,-3.0,-1.29,2 days 23:59:03
140646366,03/21/2023 12:55,03/23/2023 11:03,NZDCHF,Buy,0.040,0.00000,0.00000,0.57399,0.57581,0.0000,0.0,18.2,7.9,0.37,Buy Baby Termite: NZDCHF,12345.0,14.0,6h 27m,52.1,2.77,18.8,8.084,-52.1,-22.403,26.5,99.2,-0.6,-0.26,1 days 22:08:09
140651251,03/21/2023 16:00,03/21/2023 21:18,EURUSD,Sell,0.040,0.00000,0.00000,1.07807,1.07603,0.0000,0.0,20.4,8.16,0.39,Sell Baby Termite: EURUSD,12345.0,93.8,4h 59m,21.6,0.32,20.8,8.32,-6.7,-2.68,75.6,98.5,-0.4,-0.16,0 days 05:18:49
140585600,03/17/2023 21:50,03/20/2023 10:02,EURUSD,Sell,0.040,0.00000,0.00000,1.06768,1.06567,0.0000,0.0,20.1,8.04,0.38,Sell Baby Termite: EURUSD,12345.0,11.7,7h 2m,22.2,0.5,25.0,10.0,-12.6,-5.04,66.5,87.0,-4.9,-1.96,2 days 12:12:23
140566660,03/17/2023 11:15,03/17/2023 13:07,EURUSD,Sell,0.040,0.00000,0.00000,1.06598,1.06400,0.0000,0.0,19.8,7.92,0.38,Sell Baby Termite: EURUSD,12345.0,91.2,1h 42m,9.9,0.1,22.2,8.88,-2.2,-0.8800000000000001,91.0,90.2,-2.4,-0.96,0 days 01:52:06
140336819,03/09/2023 22:05,03/16/2023 20:57,CADCHF,Buy,0.040,0.00000,0.00000,0.67689,0.67877,0.0000,0.0,18.8,8.03,0.39,Buy Baby Termite: CADCHF,12345.0,4.7,7h 50m,168.6,8.67,18.8,8.084,-162.8,-70.004,10.4,100.0,0.0,0.0,6 days 22:52:08
140511628,03/16/2023 01:20,03/16/2023 02:12,USDCHF,Sell,0.040,0.00000,0.00000,0.93342,0.93153,0.0000,0.0,18.9,8.08,0.39,Sell Baby Termite: USDCHF,12345.0,100.0,52m,4.6,0.05,19.2,8.256,0.0,0.0,100.0,98.4,-0.3,-0.13,0 days 00:52:15
140405278,03/13/2023 13:30,03/13/2023 15:40,EURUSD,Buy,0.040,0.00000,0.00000,1.06658,1.06862,0.0000,0.0,20.4,8.16,0.4,Buy Baby Termite: EURUSD,12345.0,79.4,1h 43m,23.2,0.69,20.4,8.16,-14.1,-5.640000000000001,59.1,100.0,0.0,0.0,0 days 02:10:10
140345169,03/10/2023 01:20,03/13/2023 13:30,NZDCHF,Buy,0.120,0.00000,0.00000,0.56879,0.56395,0.0000,0.0,-48.4,-63.83,-3.01,Buy Baby Termite: NZDCHF,12345.0,3.0,2h 31m,73.2,7.32,8.8,11.616,-64.4,-85.00800000000001,12.0,21.9,-57.2,-75.5,3 days 12:10:01
140173048,03/06/2023 11:10,03/13/2023 13:30,NZDCHF,Buy,0.040,0.00000,0.00000,0.57810,0.56395,0.0000,0.0,-141.5,-62.2,-2.85,Buy Baby Termite: NZDCHF,12345.0,2.7,4h 35m,165.2,20.49,7.7,3.388,-157.5,-69.3,4.7,9.7,-149.2,-65.65,7 days 02:19:59
140137762,03/03/2023 09:35,03/07/2023 17:56,USDCHF,Buy,0.040,0.00000,0.00000,0.93899,0.94088,0.0000,0.0,18.9,7.99,0.37,Buy Baby Termite: USDCHF,12345.0,3.2,3h 20m,111.7,5.46,18.9,7.937999999999999,-103.1,-43.30199999999999,15.5,100.0,0.0,0.0,4 days 08:21:06
140036545,02/28/2023 21:05,03/06/2023 09:35,NZDCHF,Sell,0.040,0.00000,0.00000,0.58141,0.57952,0.0000,0.0,18.9,8.07,0.37,Sell Baby Termite: NZDCHF,12345.0,40.0,2d 5h ,72.8,3.24,21.8,9.374,-70.6,-30.358,23.6,96.9,-2.9,-1.25,5 days 12:30:38
139913976,02/23/2023 10:45,03/06/2023 09:30,CADCHF,Sell,0.040,0.00000,0.00000,0.68872,0.68680,0.0000,0.0,19.2,8.19,0.38,Sell Baby Termite: CADCHF,12345.0,29.6,3d 5h ,63.9,1.83,24.6,10.578,-45.0,-19.35,35.3,92.2,-5.4,-2.32,10 days 22:45:05
140103065,03/02/2023 09:15,03/02/2023 10:54,USDCHF,Sell,0.040,0.00000,0.00000,0.94357,0.94166,0.0000,0.0,19.1,8.07,0.37,Sell Baby Termite: USDCHF,12345.0,97.0,1h 36m,5.5,0.19,20.6,8.652000000000001,-4.0,-1.68,83.7,93.9,-1.5,-0.63,0 days 01:39:46
140057763,03/01/2023 08:15,03/02/2023 08:53,EURUSD,Sell,0.040,0.00000,0.00000,1.05958,1.06385,0.0000,0.0,-42.7,-17.08,-0.79,Sell Baby Termite: EURUSD,12345.0,0.0,0s,91.2,91.74,0.0,0.0,-91.2,-36.48,0.0,53.2,-42.7,-17.08,1 days 00:38:29
140064533,03/01/2023 13:00,03/02/2023 08:53,EURUSD,Sell,0.120,0.00000,0.00000,1.06675,1.06383,0.0000,0.0,29.2,35.04,1.64,Sell Baby Termite: EURUSD,12345.0,64.5,12h 49m,30.6,0.61,32.1,38.52,-19.5,-23.4,62.2,94.4,-2.9,-3.48,0 days 19:53:17
140059540,03/01/2023 09:30,03/02/2023 08:52,USDCHF,Buy,0.040,0.00000,0.00000,0.93987,0.94265,0.0000,0.0,27.8,11.74,0.55,Buy Baby Termite: USDCHF,12345.0,42.4,9h 54m,48.6,1.37,33.7,14.154,-46.1,-19.362,42.2,92.6,-5.9,-2.48,0 days 23:22:55
139952246,02/24/2023 15:35,03/01/2023 05:23,EURNZD,Sell,0.040,0.00000,0.00000,1.71133,1.70809,0.0000,0.0,32.4,8.0,0.38,Sell Baby Termite: EURNZD,12345.0,58.7,2d 16h ,198.8,5.3,32.8,8.2,-173.7,-43.425,15.9,99.8,-0.4,-0.1,4 days 13:48:46
139952248,02/24/2023 15:35,02/28/2023 17:54,NZDCHF,Buy,0.040,0.00000,0.00000,0.57853,0.58043,0.0000,0.0,19.0,8.07,0.38,Buy Baby Termite: NZDCHF,12345.0,15.7,15h 26m,46.7,1.44,20.4,8.568,-29.4,-12.348,41.0,97.2,-1.4,-0.59,4 days 02:19:42
139959429,02/24/2023 18:00,02/27/2023 17:09,USDCHF,Sell,0.120,0.00000,0.00000,0.93969,0.93650,0.0000,0.0,31.9,40.67,1.97,Sell Baby Termite: USDCHF,12345.0,4.3,3h 3m,36.5,0.94,34.1,43.307,-31.9,-40.513,51.7,96.7,-2.2,-2.79,2 days 23:09:03
139915734,02/23/2023 11:45,02/27/2023 17:09,USDCHF,Sell,0.040,0.00000,0.00000,0.93256,0.93650,0.0000,0.0,-39.4,-16.91,-0.81,Sell Baby Termite: USDCHF,12345.0,3.3,3h 20m,113.9,9.65,10.7,4.601,-103.2,-44.376,9.4,56.0,-50.1,-21.54,4 days 05:24:02
139831652,02/21/2023 04:55,02/21/2023 10:15,EURUSD,Buy,0.040,0.00000,0.00000,1.06653,1.06844,0.0000,0.0,19.1,7.64,0.37,Buy Baby Termite: EURUSD,12345.0,64.8,3h 27m,13.1,0.25,19.1,7.640000000000001,-4.7,-1.88,80.3,100.0,0.0,0.0,0 days 05:20:02
139817011,02/20/2023 15:30,02/21/2023 08:41,NZDCHF,Sell,0.040,0.00000,0.00000,0.57747,0.57562,0.0000,0.0,18.5,7.97,0.39,Sell Baby Termite: NZDCHF,12345.0,72.5,12h 28m,22.6,0.32,22.6,9.718,-7.3,-3.139,75.6,86.3,-4.1,-1.76,0 days 17:11:45
139812954,02/20/2023 10:10,02/20/2023 14:33,EURUSD,Sell,0.040,0.00000,0.00000,1.06980,1.06778,0.0000,0.0,20.2,8.08,0.39,Sell Baby Termite: EURUSD,12345.0,97.0,4h 15m,12.9,0.13,20.2,8.08,-2.6,-1.04,88.6,100.0,0.0,0.0,0 days 04:23:15
